"filename", "language", "Java", "XML", "Markdown", "HTML", "PostCSS", "MS SQL", "Java Properties", "comment", "blank", "total"
"/home/colejam13/projects/ksm/bookstore/cole-bookstore/README.md", "Markdown", 0, 0, 144, 0, 0, 0, 0, 0, 61, 205
"/home/colejam13/projects/ksm/bookstore/cole-bookstore/pom.xml", "XML", 0, 605, 0, 0, 0, 0, 0, 5, 1, 611
"/home/colejam13/projects/ksm/bookstore/cole-bookstore/src/main/java/com/ksm/bookstore/controller/BookDetailController.java", "Java", 63, 0, 0, 0, 0, 0, 0, 14, 17, 94
"/home/colejam13/projects/ksm/bookstore/cole-bookstore/src/main/java/com/ksm/bookstore/controller/CartController.java", "Java", 35, 0, 0, 0, 0, 0, 0, 16, 13, 64
"/home/colejam13/projects/ksm/bookstore/cole-bookstore/src/main/java/com/ksm/bookstore/controller/CheckoutController.java", "Java", 23, 0, 0, 0, 0, 0, 0, 10, 10, 43
"/home/colejam13/projects/ksm/bookstore/cole-bookstore/src/main/java/com/ksm/bookstore/controller/ConfirmationController.java", "Java", 21, 0, 0, 0, 0, 0, 0, 8, 9, 38
"/home/colejam13/projects/ksm/bookstore/cole-bookstore/src/main/java/com/ksm/bookstore/controller/DashboardController.java", "Java", 11, 0, 0, 0, 0, 0, 0, 4, 6, 21
"/home/colejam13/projects/ksm/bookstore/cole-bookstore/src/main/java/com/ksm/bookstore/controller/HomeController.java", "Java", 22, 0, 0, 0, 0, 0, 0, 9, 11, 42
"/home/colejam13/projects/ksm/bookstore/cole-bookstore/src/main/java/com/ksm/bookstore/controller/InventoryController.java", "Java", 69, 0, 0, 0, 0, 0, 0, 41, 19, 129
"/home/colejam13/projects/ksm/bookstore/cole-bookstore/src/main/java/com/ksm/bookstore/controller/LoginController.java", "Java", 36, 0, 0, 0, 0, 0, 0, 8, 11, 55
"/home/colejam13/projects/ksm/bookstore/cole-bookstore/src/main/java/com/ksm/bookstore/controller/OrderController.java", "Java", 31, 0, 0, 0, 0, 0, 0, 16, 11, 58
"/home/colejam13/projects/ksm/bookstore/cole-bookstore/src/main/java/com/ksm/bookstore/controller/ProfileController.java", "Java", 17, 0, 0, 0, 0, 0, 0, 7, 8, 32
"/home/colejam13/projects/ksm/bookstore/cole-bookstore/src/main/java/com/ksm/bookstore/dao/AddressManager.java", "Java", 9, 0, 0, 0, 0, 0, 0, 4, 6, 19
"/home/colejam13/projects/ksm/bookstore/cole-bookstore/src/main/java/com/ksm/bookstore/dao/AuthorManager.java", "Java", 26, 0, 0, 0, 0, 0, 0, 14, 13, 53
"/home/colejam13/projects/ksm/bookstore/cole-bookstore/src/main/java/com/ksm/bookstore/dao/BaseManager.java", "Java", 30, 0, 0, 0, 0, 0, 0, 42, 14, 86
"/home/colejam13/projects/ksm/bookstore/cole-bookstore/src/main/java/com/ksm/bookstore/dao/BookManager.java", "Java", 49, 0, 0, 0, 0, 0, 0, 32, 20, 101
"/home/colejam13/projects/ksm/bookstore/cole-bookstore/src/main/java/com/ksm/bookstore/dao/CustomerManager.java", "Java", 20, 0, 0, 0, 0, 0, 0, 10, 8, 38
"/home/colejam13/projects/ksm/bookstore/cole-bookstore/src/main/java/com/ksm/bookstore/dao/OrderItemManager.java", "Java", 17, 0, 0, 0, 0, 0, 0, 8, 9, 34
"/home/colejam13/projects/ksm/bookstore/cole-bookstore/src/main/java/com/ksm/bookstore/dao/OrderManager.java", "Java", 24, 0, 0, 0, 0, 0, 0, 15, 11, 50
"/home/colejam13/projects/ksm/bookstore/cole-bookstore/src/main/java/com/ksm/bookstore/form/BookDetailForm.java", "Java", 19, 0, 0, 0, 0, 0, 0, 3, 11, 33
"/home/colejam13/projects/ksm/bookstore/cole-bookstore/src/main/java/com/ksm/bookstore/form/BookSearchForm.java", "Java", 26, 0, 0, 0, 0, 0, 0, 7, 12, 45
"/home/colejam13/projects/ksm/bookstore/cole-bookstore/src/main/java/com/ksm/bookstore/form/CartForm.java", "Java", 36, 0, 0, 0, 0, 0, 0, 19, 14, 69
"/home/colejam13/projects/ksm/bookstore/cole-bookstore/src/main/java/com/ksm/bookstore/form/CheckoutForm.java", "Java", 38, 0, 0, 0, 0, 0, 0, 7, 14, 59
"/home/colejam13/projects/ksm/bookstore/cole-bookstore/src/main/java/com/ksm/bookstore/form/ConfirmationForm.java", "Java", 21, 0, 0, 0, 0, 0, 0, 3, 9, 33
"/home/colejam13/projects/ksm/bookstore/cole-bookstore/src/main/java/com/ksm/bookstore/form/DashboardForm.java", "Java", 33, 0, 0, 0, 0, 0, 0, 7, 13, 53
"/home/colejam13/projects/ksm/bookstore/cole-bookstore/src/main/java/com/ksm/bookstore/form/InventoryForm.java", "Java", 45, 0, 0, 0, 0, 0, 0, 9, 18, 72
"/home/colejam13/projects/ksm/bookstore/cole-bookstore/src/main/java/com/ksm/bookstore/form/OrderForm.java", "Java", 25, 0, 0, 0, 0, 0, 0, 3, 12, 40
"/home/colejam13/projects/ksm/bookstore/cole-bookstore/src/main/java/com/ksm/bookstore/form/ProfileForm.java", "Java", 45, 0, 0, 0, 0, 0, 0, 12, 16, 73
"/home/colejam13/projects/ksm/bookstore/cole-bookstore/src/main/java/com/ksm/bookstore/jpa/Address.java", "Java", 45, 0, 0, 0, 0, 0, 0, 5, 11, 61
"/home/colejam13/projects/ksm/bookstore/cole-bookstore/src/main/java/com/ksm/bookstore/jpa/Author.java", "Java", 37, 0, 0, 0, 0, 0, 0, 4, 9, 50
"/home/colejam13/projects/ksm/bookstore/cole-bookstore/src/main/java/com/ksm/bookstore/jpa/Book.java", "Java", 48, 0, 0, 0, 0, 0, 0, 5, 14, 67
"/home/colejam13/projects/ksm/bookstore/cole-bookstore/src/main/java/com/ksm/bookstore/jpa/Customer.java", "Java", 50, 0, 0, 0, 0, 0, 0, 6, 13, 69
"/home/colejam13/projects/ksm/bookstore/cole-bookstore/src/main/java/com/ksm/bookstore/jpa/Order.java", "Java", 48, 0, 0, 0, 0, 0, 0, 6, 15, 69
"/home/colejam13/projects/ksm/bookstore/cole-bookstore/src/main/java/com/ksm/bookstore/jpa/OrderItem.java", "Java", 43, 0, 0, 0, 0, 0, 0, 6, 14, 63
"/home/colejam13/projects/ksm/bookstore/cole-bookstore/src/main/java/com/ksm/bookstore/model/OrderStatus.java", "Java", 6, 0, 0, 0, 0, 0, 0, 5, 3, 14
"/home/colejam13/projects/ksm/bookstore/cole-bookstore/src/main/java/com/ksm/bookstore/provider/AccessProvider.java", "Java", 5, 0, 0, 0, 0, 0, 0, 0, 3, 8
"/home/colejam13/projects/ksm/bookstore/cole-bookstore/src/main/java/com/ksm/bookstore/provider/AuthorConverter.java", "Java", 27, 0, 0, 0, 0, 0, 0, 0, 6, 33
"/home/colejam13/projects/ksm/bookstore/cole-bookstore/src/main/java/com/ksm/bookstore/provider/EntityManagerProducer.java", "Java", 16, 0, 0, 0, 0, 0, 0, 0, 4, 20
"/home/colejam13/projects/ksm/bookstore/cole-bookstore/src/main/java/com/ksm/bookstore/provider/UserProvider.java", "Java", 29, 0, 0, 0, 0, 0, 0, 4, 10, 43
"/home/colejam13/projects/ksm/bookstore/cole-bookstore/src/main/java/com/ksm/bookstore/qualifier/DatasourceSchedule.java", "Java", 18, 0, 0, 0, 0, 0, 0, 7, 7, 32
"/home/colejam13/projects/ksm/bookstore/cole-bookstore/src/main/java/com/ksm/bookstore/security/Secure.java", "Java", 19, 0, 0, 0, 0, 0, 0, 6, 7, 32
"/home/colejam13/projects/ksm/bookstore/cole-bookstore/src/main/java/com/ksm/bookstore/service/AuthorService.java", "Java", 24, 0, 0, 0, 0, 0, 0, 9, 10, 43
"/home/colejam13/projects/ksm/bookstore/cole-bookstore/src/main/java/com/ksm/bookstore/service/BookService.java", "Java", 23, 0, 0, 0, 0, 0, 0, 9, 10, 42
"/home/colejam13/projects/ksm/bookstore/cole-bookstore/src/main/java/com/ksm/bookstore/service/CustomerService.java", "Java", 9, 0, 0, 0, 0, 0, 0, 5, 7, 21
"/home/colejam13/projects/ksm/bookstore/cole-bookstore/src/main/java/com/ksm/bookstore/service/OrderService.java", "Java", 53, 0, 0, 0, 0, 0, 0, 15, 14, 82
"/home/colejam13/projects/ksm/bookstore/cole-bookstore/src/main/resources/META-INF/persistence.xml", "XML", 0, 16, 0, 0, 0, 0, 0, 2, 1, 19
"/home/colejam13/projects/ksm/bookstore/cole-bookstore/src/main/resources/com/pjm/web/ui/application.properties", "Java Properties", 0, 0, 0, 0, 0, 0, 8, 0, 2, 10
"/home/colejam13/projects/ksm/bookstore/cole-bookstore/src/main/resources/import.sql", "MS SQL", 0, 0, 0, 0, 0, 935, 0, 0, 6, 941
"/home/colejam13/projects/ksm/bookstore/cole-bookstore/src/main/resources/logback.xml", "XML", 0, 24, 0, 0, 0, 0, 0, 3, 6, 33
"/home/colejam13/projects/ksm/bookstore/cole-bookstore/src/main/webapp/WEB-INF/beans.xml", "XML", 0, 5, 0, 0, 0, 0, 0, 0, 1, 6
"/home/colejam13/projects/ksm/bookstore/cole-bookstore/src/main/webapp/WEB-INF/faces-config.xml", "XML", 0, 75, 0, 0, 0, 0, 0, 2, 1, 78
"/home/colejam13/projects/ksm/bookstore/cole-bookstore/src/main/webapp/WEB-INF/jboss-deployment-structure.xml", "XML", 0, 12, 0, 0, 0, 0, 0, 0, 1, 13
"/home/colejam13/projects/ksm/bookstore/cole-bookstore/src/main/webapp/WEB-INF/jboss-web.xml", "XML", 0, 5, 0, 0, 0, 0, 0, 0, 1, 6
"/home/colejam13/projects/ksm/bookstore/cole-bookstore/src/main/webapp/WEB-INF/web.xml", "XML", 0, 57, 0, 0, 0, 0, 0, 4, 10, 71
"/home/colejam13/projects/ksm/bookstore/cole-bookstore/src/main/webapp/index.html", "HTML", 0, 0, 0, 5, 0, 0, 0, 1, 2, 8
"/home/colejam13/projects/ksm/bookstore/cole-bookstore/src/main/webapp/pages/admin/dashboard.xhtml", "HTML", 0, 0, 0, 21, 0, 0, 0, 0, 1, 22
"/home/colejam13/projects/ksm/bookstore/cole-bookstore/src/main/webapp/pages/admin/inventory.xhtml", "HTML", 0, 0, 0, 80, 0, 0, 0, 0, 1, 81
"/home/colejam13/projects/ksm/bookstore/cole-bookstore/src/main/webapp/pages/admin/orders.xhtml", "HTML", 0, 0, 0, 34, 0, 0, 0, 0, 1, 35
"/home/colejam13/projects/ksm/bookstore/cole-bookstore/src/main/webapp/pages/layouts/admin-template.xhtml", "HTML", 0, 0, 0, 8, 0, 0, 0, 0, 4, 12
"/home/colejam13/projects/ksm/bookstore/cole-bookstore/src/main/webapp/pages/layouts/bookstore-template.xhtml", "HTML", 0, 0, 0, 38, 0, 0, 0, 0, 5, 43
"/home/colejam13/projects/ksm/bookstore/cole-bookstore/src/main/webapp/pages/layouts/customer-template.xhtml", "HTML", 0, 0, 0, 5, 0, 0, 0, 0, 4, 9
"/home/colejam13/projects/ksm/bookstore/cole-bookstore/src/main/webapp/pages/layouts/footer.xhtml", "HTML", 0, 0, 0, 12, 0, 0, 0, 0, 1, 13
"/home/colejam13/projects/ksm/bookstore/cole-bookstore/src/main/webapp/pages/layouts/header.xhtml", "HTML", 0, 0, 0, 25, 0, 0, 0, 2, 2, 29
"/home/colejam13/projects/ksm/bookstore/cole-bookstore/src/main/webapp/pages/login/login-error.xhtml", "HTML", 0, 0, 0, 16, 0, 0, 0, 0, 2, 18
"/home/colejam13/projects/ksm/bookstore/cole-bookstore/src/main/webapp/pages/login/login.xhtml", "HTML", 0, 0, 0, 20, 0, 0, 0, 0, 1, 21
"/home/colejam13/projects/ksm/bookstore/cole-bookstore/src/main/webapp/pages/public/book-detail.xhtml", "HTML", 0, 0, 0, 45, 0, 0, 0, 0, 1, 46
"/home/colejam13/projects/ksm/bookstore/cole-bookstore/src/main/webapp/pages/public/cart.xhtml", "HTML", 0, 0, 0, 49, 0, 0, 0, 0, 1, 50
"/home/colejam13/projects/ksm/bookstore/cole-bookstore/src/main/webapp/pages/public/checkout.xhtml", "HTML", 0, 0, 0, 83, 0, 0, 0, 0, 1, 84
"/home/colejam13/projects/ksm/bookstore/cole-bookstore/src/main/webapp/pages/public/confirmation.xhtml", "HTML", 0, 0, 0, 34, 0, 0, 0, 0, 1, 35
"/home/colejam13/projects/ksm/bookstore/cole-bookstore/src/main/webapp/pages/public/home.xhtml", "HTML", 0, 0, 0, 34, 0, 0, 0, 1, 3, 38
"/home/colejam13/projects/ksm/bookstore/cole-bookstore/src/main/webapp/pages/secure/profile.xhtml", "HTML", 0, 0, 0, 110, 0, 0, 0, 0, 1, 111
"/home/colejam13/projects/ksm/bookstore/cole-bookstore/src/main/webapp/resources/css/bookstore.css", "PostCSS", 0, 0, 0, 0, 66, 0, 0, 9, 13, 88
"/home/colejam13/projects/ksm/bookstore/cole-bookstore/src/site/site.xml", "XML", 0, 31, 0, 0, 0, 0, 0, 0, 7, 38
"/home/colejam13/projects/ksm/bookstore/cole-bookstore/src/test/java/com/ksm/bookstore/MockTest.java", "Java", 9, 0, 0, 0, 0, 0, 0, 3, 5, 17
"/home/colejam13/projects/ksm/bookstore/cole-bookstore/src/test/resources/META-INF/persistence.xml", "XML", 0, 19, 0, 0, 0, 0, 0, 1, 0, 20
"/home/colejam13/projects/ksm/bookstore/cole-bookstore/src/test/resources/logback-test.xml", "XML", 0, 34, 0, 0, 0, 0, 0, 0, 3, 37
"Total", "-", 1300, 883, 144, 619, 66, 935, 8, 453, 623, 5031